TIPO DE PRENDA;MARCA;REFERENCIA
BOTAS;HANS SACHS;NA
CINTURON;CHEVIGNON;NA
CAMISA;CHEVIGNON;SLIM FIT
CAMISETA;CHEVIGNON;POLO
CAMISETA;CHEVIGNON;SLIM FIT
CHAQUETA;CHEVIGNON;BOMBER CLASSIC
CHAQUETA;CHEVIGNON;BLACK ROOS
BUZO;CHEVIGNON;CERRADO CUELLO REDONDO
SWEATER;CHEVIGNON;HANDCRAFT
PANTALON;CHEVIGNON;JOGGER TEXTURE
PANTALON;CHEVIGNON;ROCKET COLORS
PANTALON;CHEVIGNON;CARROT COLORS
PANTALON;CHEVIGNON;DINAMARCA COLORS
CALZONCILLOS;CALVIN KLEIN;HIP BRIEF CK ONE MICRO
ZAPATOS;BOSI;CASUAL HARDEN
ZAPATOS;BOSI;CASUAL THIEM
ZAPATOS;BOSI;CASUAL DAMMY
CINTURON;VELEZ;DOBLEFAZ DE CUERO VINTAGE
SWEATER;VELEZ;CUELLO REDONDO CON CUERO
TENIS;VELEZ;CASUAL DE CUERO VINTAGE
TENIS;VELEZ;DEPORTIVOS DE CUERO VINTAGE
ZAPATOS;VELEZ;CORDÓN DE CUERO OXFORD
ZAPATOS;VELEZ;CORDÓN DE CUERO VINTAGE
BLAZER;CARLOS NIETO;AZUL OSCURO
CAMISA;CARLOS NIETO;AZUL LINO
CAMISETA;CARLOS NIETO;SLIM ROJA, AMARILLA, AZUL
CHAQUETA;CARLOS NIETO;AZUL ACOLCHADA
CHAQUETA;CARLOS NIETO;NEGRA BOMBER
PANTALON;CARLOS NIETO;BEIGE, AZUL, VINOTINTO, GRIS
CAMISA;CARLOS NIETO;POLO AZUL FLORES
SACO;CARLOS NIETO;VINO TINTO, GRIS
SWEATER;CARLOS NIETO;VINO TINTO
PANTALON;MANGO;CHINO SLIM FIT
SWEATER;VILLA ROMANA;AZUL OSCURO PERRY ELLIS SW00072
PANTALON;VILLA ROMANA;AUSTIN REED
SACO;VILLA ROMANA;CASUAL NEGRO GUY LAROCHE
BOTAS;LEVIS;JAX, DAWSON MID
PANTALON;LEVIS;CHINO
BUZO;ARTURO CALLE;ACOLCHADO CUELLO NERÚ NEGRO
TENIS;ARTURO CALLE;SNEAKERS DE CUERO AZUL PRUSIA
TENIS;ARTURO CALLE;SNEAKERS DE CUERO CANACHE 38
TENIS;ARTURO CALLE;SNEAKERS DE CUERO CANELA 42
